n,m,primal_lp
800,800,28507397
800,900,6753347
800,1000,6453590
800,1100,6819430
800,1200,7469924
800,1300,8582943
800,1400,9824046
800,1500,11173295
800,1600,13185126
800,1700,14890670
800,1800,17601893
800,1900,18016450
800,2000,18800794
800,2100,20088494
800,2200,23279534
800,2300,24457736
800,2400,24606073
800,2500,23557823
800,2600,32408411
800,2700,27789396
800,2800,30158941
800,2900,29932362
800,3000,31348831
800,3100,36913963
800,3200,29629665
800,3300,32018851
800,3400,37351480
800,3500,35591442
800,3600,36895655
800,3700,34779095
800,3800,42146610
800,3900,36008692
800,4000,38973130
800,4100,36544679
800,4200,44715477
800,4300,44056677
800,4400,38242146
800,4500,42947870
800,4600,48039576
800,4700,44927901
800,4800,43500377
800,4900,44220613
800,5000,49657326
800,5100,46241939
800,5200,53137399
800,5300,52577070
800,5400,52121106
800,5500,47198200
800,5600,46701147
800,5700,49374930
800,5800,45296328
800,5900,53140536
800,6000,49115106
800,6100,49962944
800,6200,54284792
800,6300,53304475
800,6400,52465303
800,6500,57353843
800,6600,57857371
800,6700,54093172
800,6800,65247659
800,6900,60997126
800,7000,53459184
800,7100,58597786
800,7200,60231573
800,7300,66047943
800,7400,58740590
800,7500,64223426
800,7600,63641032
800,7700,58623025
800,7800,61520297
800,7900,63871374
800,8000,60090389
800,8100,60768551
800,8200,60344296
800,8300,67199684
800,8400,62022754
800,8500,68897656
800,8600,65165972
800,8700,58741953
800,8800,52731673
800,8900,59427791
800,9000,52051271
800,9100,47225642
800,9200,57672324
800,9300,52944862
800,9400,51485799
800,9500,61560624
800,9600,52899989
800,9700,51599289
800,9800,63486940
800,9900,61896518
800,10000,56543032
800,10100,58439893
800,10200,62265701
800,10300,63167516
800,10400,62924838
800,10500,60771638
800,10600,68277982
800,10700,60862564
800,10800,53825477
800,10900,65286918
800,11000,64390913
800,11100,62850891
800,11200,80244793
800,11300,62094091
800,11400,72863196
800,11500,55095103
800,11600,65248111
800,11700,68293780
800,11800,66008036
800,11900,73699056
800,12000,79432407
800,12100,70112618
800,12200,72634370
800,12300,71130542
800,12400,66738071
800,12500,79536598
800,12600,74145282
800,12700,66465515
800,12800,64878808
800,12900,65071699
800,13000,73515836
800,13100,97045655
800,13200,78069319
800,13300,81666653
800,13400,62890443
800,13500,99962846
800,13600,82891442
800,13700,81701488
800,13800,79732713
800,13900,75017426
800,14000,85486278
800,14100,86504435
800,14200,83642307
800,14300,89954826
800,14400,92064831
800,14500,86521901
800,14600,81406389
800,14700,87981890
800,14800,90367493
800,14900,87615720
800,15000,83484327
800,15100,94690607
800,15200,98362978
800,15300,100544233
800,15400,110020894
800,15500,96217541
800,15600,103186864
800,15700,102568629
800,15800,115347038
800,15900,106683489
800,16000,108714792
800,16100,102877243
800,16200,87859675
800,16300,111313700
800,16400,95082843
800,16500,115857366
800,16600,113737057
800,16700,119571385
800,16800,112752753
800,16900,112602403
800,17000,112745124
800,17100,111453264
800,17200,112051038
800,17300,116820625
800,17400,115982395
800,17500,117691694
800,17600,118991221
800,17700,113522820
800,17800,117732866
800,17900,120051017
800,18000,118185393
800,18100,118223219
800,18200,118605517
800,18300,115727072
800,18400,120893796
800,18500,118278534
800,18600,130147832
800,18700,120248051
800,18800,120584291
800,18900,120663569
800,19000,121121561
800,19100,128292530
800,19200,122319568
800,19300,143132045
800,19400,161357459
800,19500,124209425
800,19600,126108313
800,19700,152364988
800,19800,154385733
800,19900,140842431
800,20000,142117385
800,20100,158643270
800,20200,133060778
800,20300,130240327
800,20400,156215673
800,20500,138336484
800,20600,146902111
800,20700,137941343
800,20800,138990794
800,20900,128710091
800,21000,163651753
800,21100,149796955
800,21200,138769793
800,21300,187492456
800,21400,162570818
800,21500,144427551
800,21600,171794993
800,21700,161148434
800,21800,187980974
800,21900,145312942
800,22000,131429888
800,22100,157682971
800,22200,203663985
800,22300,142834429
800,22400,155584674
800,22500,172365550
800,22600,166615375
800,22700,141416420
800,22800,182587236
800,22900,159078210
800,23000,162751867
800,23100,148754716
800,23200,166421045
800,23300,182548627
800,23400,139425967
800,23500,191068184
800,23600,176363357
800,23700,152340308
800,23800,186581079
800,23900,140994648
800,24000,171675634
800,24100,154381237
800,24200,149347373
800,24300,164995657
800,24400,161282913
800,24500,177949250
800,24600,163448081
800,24700,153870280
800,24800,179935615
800,24900,158277462
800,25000,192181081
800,25100,142639320
800,25200,206608686
800,25300,170488913
800,25400,195684264
800,25500,197167827
800,25600,195384664
800,25700,188095927
800,25800,198664975
800,25900,195205297
800,26000,171839657
800,26100,186852159
800,26200,203841916
800,26300,246698236
800,26400,204630664
800,26500,185746627
800,26600,193778168
800,26700,197669527
800,26800,175883523
800,26900,215730597
800,27000,190526587
800,27100,231510937
800,27200,182291594
800,27300,190908992
800,27400,205081417
800,27500,222157605
800,27600,193656997
800,27700,195064492
800,27800,219951420
800,27900,214736991
800,28000,244452969
800,28100,207921732
800,28200,224945855
800,28300,218522500
800,28400,247256715
800,28500,255107614
800,28600,225295340
800,28700,225339941
800,28800,213874658
800,28900,219296454
800,29000,207627922
800,29100,212707485
800,29200,232091583
800,29300,198550350
800,29400,201589051
800,29500,261241853
800,29600,202537685
800,29700,221161448
800,29800,229515511
800,29900,239776115
800,30000,220350909
800,30100,223358832
800,30200,293148465
800,30300,220382386
800,30400,267479600
800,30500,281518759
800,30600,262314472
800,30700,288718098
800,30800,239108637
800,30900,231071638
800,31000,242399817
800,31100,278045578
800,31200,235938866
800,31300,226363550
800,31400,271919679
800,31500,216081759
800,31600,272300861
800,31700,268413839
800,31800,220452081
800,31900,273205574
800,32000,214923570
800,32100,231272350
800,32200,285307943
800,32300,230252848
800,32400,258871876
800,32500,283137542
800,32600,285347436
800,32700,332845808
800,32800,249876938
800,32900,248636308
800,33000,331095175
800,33100,265205221
800,33200,231548452
800,33300,276693792
800,33400,292974048
800,33500,305431879
800,33600,298088890
800,33700,289215584
800,33800,299460433
800,33900,289430481
800,34000,262979311
800,34100,262339611
800,34200,295120075
800,34300,304104403
800,34400,288062110
800,34500,249922519
800,34600,289231226
800,34700,301041632
800,34800,347415056
800,34900,294001087
800,35000,301245205
800,35100,259353942
800,35200,346838520
800,35300,316332396
800,35400,294648381
800,35500,305608302
800,35600,358359848
800,35700,352947861
800,35800,317354924
800,35900,301132559
800,36000,237542011
800,36100,356352694
800,36200,273627890
800,36300,294956107
800,36400,291374676
800,36500,304180682
800,36600,311927563
800,36700,330728343
800,36800,322390524
800,36900,352275865
800,37000,367616496
800,37100,334447137
800,37200,351508997
800,37300,351792035
800,37400,309846594
800,37500,308831535
800,37600,381208357
800,37700,260479092
800,37800,305552124
800,37900,318154476
800,38000,376292973
800,38100,319498198
800,38200,172085224
800,38300,363069325
800,38400,343715238
800,38500,276504598
800,38600,356194693
800,38700,321206878
800,38800,455797037
800,38900,189548526
800,39000,196396025
800,39100,193753966
800,39200,329721810
800,39300,179591378
800,39400,198270747
800,39500,327544892
800,39600,341776724
800,39700,370117168
800,39800,394828534
800,39900,348042914
800,40000,326913740
800,40100,386138337
800,40200,405364463
800,40300,279803507
800,40400,377625807
800,40500,344628776
800,40600,382880134
800,40700,382211118
800,40800,433768986
800,40900,325314012
800,41000,354675282
800,41100,299508683
800,41200,336993884
800,41300,382337754
800,41400,356437627
800,41500,200989947
800,41600,350232448
800,41700,397306474
800,41800,339787255
800,41900,335372309
800,42000,337614114
800,42100,409862357
800,42200,365462733
800,42300,337085371
800,42400,289429022
800,42500,332745040
800,42600,350520068
800,42700,420975420
800,42800,357181654
800,42900,348994901
800,43000,364470961
800,43100,211553444
800,43200,213308748
800,43300,391864059
800,43400,366439965
800,43500,412581101
800,43600,360799818
800,43700,421016634
800,43800,375747830
800,43900,372330731
800,44000,396412266
800,44100,345354252
800,44200,424490012
800,44300,465440611
800,44400,424795126
800,44500,381455251
800,44600,347615409
800,44700,391496355
800,44800,421796377
800,44900,370294886
800,45000,434892037
800,45100,439759165
800,45200,484491436
800,45300,433716519
800,45400,385454270
800,45500,481895904
800,45600,428444724
800,45700,376385224
800,45800,439614657
800,45900,461349467
800,46000,388975859
800,46100,446755133
800,46200,443334275
800,46300,379216554
800,46400,388682514
800,46500,489402733
800,46600,440665376
800,46700,454960201
800,46800,388643730
800,46900,392563353
800,47000,394337426
800,47100,430179493
800,47200,412215203
800,47300,424488026
800,47400,445621645
800,47500,432531969
800,47600,444878741
800,47700,463195391
800,47800,451144511
800,47900,465331944
800,48000,382356876
800,48100,393324155
800,48200,453858151
800,48300,487658036
800,48400,514639716
800,48500,450670832
800,48600,456893807
800,48700,458151671
800,48800,448439405
800,48900,473948058
800,49000,471544613
800,49100,456955427
800,49200,410350431
800,49300,487931304
800,49400,456079533
800,49500,477105114
800,49600,386059060
800,49700,473777849
800,49800,545609594
800,49900,460261791
800,50000,516982034
800,50100,475753884
800,50200,452508252
800,50300,461000201
800,50400,505966303
800,50500,499821775
800,50600,457143879
800,50700,458977888
800,50800,467542306
800,50900,464999312
800,51000,424860986
800,51100,569181077
800,51200,398104209
800,51300,477224449
800,51400,474472688
800,51500,495399740
800,51600,481093881
800,51700,409869711
800,51800,476141104
800,51900,468487805
800,52000,520255745
800,52100,431922536
800,52200,529844141
800,52300,679215294
800,52400,487335146
800,52500,404201543
800,52600,406711172
800,52700,481106921
800,52800,514585408
800,52900,587427004
800,53000,563387870
800,53100,566598526
800,53200,445804072
800,53300,553693402
800,53400,543565535
800,53500,586848349
800,53600,623045669
800,53700,562296055
800,53800,595134073
800,53900,422564284
800,54000,573358481
800,54100,512922769
800,54200,495365615
800,54300,559115710
800,54400,515779434
800,54500,503764427
800,54600,527303745
800,54700,599874843
800,54800,539444546
800,54900,498004877
800,55000,480516629
800,55100,517424329
800,55200,549953606
800,55300,570936516
800,55400,439099464
800,55500,424764164
800,55600,538116339
800,55700,520125081
800,55800,521331474
800,55900,547157299
800,56000,571328446
800,56100,457125733
800,56200,453954783
800,56300,456145773
800,56400,498335583
800,56500,517095559
800,56600,539534353
800,56700,501216491
800,56800,615245769
800,56900,547665943
800,57000,400468192
800,57100,511918689
800,57200,535333690
800,57300,499100534
800,57400,517739205
800,57500,598546731
800,57600,549734762
800,57700,530388547
800,57800,529874623
800,57900,682247638
800,58000,564045140
800,58100,444685491
800,58200,559465696
800,58300,537749377
800,58400,558798891
800,58500,536424238
800,58600,559121647
800,58700,534808704
800,58800,417633851
800,58900,533442487
800,59000,536485688
800,59100,555717501
800,59200,639647720
800,59300,558784928
800,59400,552122863
800,59500,613259015
800,59600,484796674
800,59700,570770130
800,59800,515231889
800,59900,678019186
800,60000,485214338
800,60100,550912317
800,60200,566602242
800,60300,542901568
800,60400,267153153
800,60500,269909207
800,60600,325652612
800,60700,293899729
800,60800,327555463
800,60900,563576963
800,61000,546107963
800,61100,551203783
800,61200,501175506
800,61300,502469228
800,61400,528838588
800,61500,583910095
800,61600,571549293
800,61700,571963984
800,61800,709302405
800,61900,711661437
800,62000,587623418
800,62100,557977277
800,62200,663798255
800,62300,553128453
800,62400,594554795
800,62500,560951751
800,62600,583021550
800,62700,569133238
800,62800,570913470
800,62900,533996040
800,63000,456180593
800,63100,318630222
800,63200,664877487
800,63300,544693161
800,63400,592912292
800,63500,563109369
800,63600,702005687
800,63700,583738278
800,63800,612853137
800,63900,358744320
800,64000,415454762
800,64100,338288053
800,64200,349028677
800,64300,661029498
800,64400,558514042
800,64500,533120115
800,64600,586377198
800,64700,600430418
800,64800,654885768
800,64900,696153317
800,65000,528174130
800,65100,709467861
800,65200,514691457
800,65300,630507779
800,65400,721926123
800,65500,641107500
800,65600,532628129
800,65700,676456184
800,65800,733756755
800,65900,582549729
800,66000,758478900
800,66100,583860752
800,66200,588619315
800,66300,618037412
800,66400,610905221
800,66500,700023994
800,66600,362783105
800,66700,386422423
800,66800,637221226
800,66900,517007379
800,67000,742681057
800,67100,600161130
800,67200,609090747
800,67300,604160355
800,67400,648260228
800,67500,778337345
800,67600,833739642
800,67700,636113403
800,67800,786112359
800,67900,671004340
800,68000,606159286
800,68100,404521513
800,68200,400111493
800,68300,609443174
800,68400,637930000
800,68500,769960110
800,68600,742885132
800,68700,652350757
800,68800,714581740
800,68900,403792360
800,69000,368880933
800,69100,408252357
800,69200,446072008
800,69300,631902881
800,69400,411744009
800,69500,801261962
800,69600,660656958
800,69700,640536859
800,69800,774136081
800,69900,847396993
800,70000,703415177
800,70100,708132950
800,70200,638652584
800,70300,611598770
800,70400,699510519
800,70500,546611062
800,70600,487750140
800,70700,784666030
800,70800,591281949
800,70900,618905779
800,71000,568999773
800,71100,778462063
800,71200,727560270
800,71300,623221405
800,71400,904147411
800,71500,874508366
800,71600,712141134
800,71700,890417701
800,71800,684985850
800,71900,792164180
800,72000,710714219
800,72100,702924454
800,72200,688253653
800,72300,710633558
800,72400,866764581
800,72500,759413548
800,72600,717396395
800,72700,729440202
800,72800,834111967
800,72900,704568231
800,73000,746805927
800,73100,677024845
800,73200,885375070
800,73300,701870581
800,73400,693193759
800,73500,949776808
800,73600,676657339
800,73700,842302356
800,73800,746978767
800,73900,720887196
800,74000,686375974
800,74100,849168699
800,74200,780171040
800,74300,661598849
800,74400,913277443
800,74500,659566565
800,74600,643705776
800,74700,722345539
800,74800,825926507
800,74900,648545147
800,75000,745813687
800,75100,656592695
800,75200,673813946
800,75300,815100079
800,75400,603999321
800,75500,689730510
800,75600,682387440
800,75700,666844491
800,75800,834806306
800,75900,740524325
800,76000,716924574
800,76100,772642749
800,76200,883281114
800,76300,736930791
800,76400,816218540
800,76500,822523299
800,76600,654748838
800,76700,675354575
800,76800,816614799
800,76900,905400714
800,77000,702756536
800,77100,749842493
800,77200,847515631
800,77300,861823270
800,77400,826250059
800,77500,813800211
800,77600,705481947
800,77700,689020005
800,77800,831052482
800,77900,842740441
800,78000,871149929
800,78100,836172824
800,78200,816819524
800,78300,847492358
800,78400,1013607544
800,78500,778759543
800,78600,865827043
800,78700,845879177
800,78800,950534147
800,78900,715518453
800,79000,940763702
800,79100,997280151
800,79200,983768546
800,79300,743197864
800,79400,759471210
800,79500,752728469
800,79600,773979345
800,79700,931840116
800,79800,771108826
800,79900,934973947
800,80000,730600237
800,80100,947252488
800,80200,902873943
800,80300,829016929
800,80400,945157899
800,80500,811400275
800,80600,811912100
800,80700,1064947938
800,80800,899577334
800,80900,937093647
800,81000,747109568
800,81100,923994199
800,81200,1008721291
800,81300,1128866913
800,81400,975194061
800,81500,1037559740
800,81600,803506922
800,81700,1009736544
800,81800,973564091
800,81900,817867998
800,82000,767403497
800,82100,854609760
800,82200,1017825194
800,82300,673782322
800,82400,644346449
800,82500,804948750
800,82600,1077765157
800,82700,735551494
800,82800,1084181819
800,82900,788720618
800,83000,904330803
800,83100,717311265
800,83200,762505516
800,83300,959346191
800,83400,933811010
800,83500,813404404
800,83600,888521553
800,83700,920898597
800,83800,860765369
800,83900,927716667
800,84000,713633439
800,84100,992597054
800,84200,689111305
800,84300,568051699
800,84400,852657524
800,84500,733780637
800,84600,632280674
800,84700,791971159
800,84800,984624067
800,84900,827958628
800,85000,976579419
800,85100,763792668
800,85200,816675277
800,85300,702270985
800,85400,934995425
800,85500,1058214656
800,85600,1183675928
800,85700,862346611
800,85800,778411599
800,85900,943473753
800,86000,725595393
800,86100,908324968
800,86200,745570827
800,86300,911825090
800,86400,825256271
800,86500,866161416
800,86600,855210792
800,86700,826460473
800,86800,988539498
800,86900,922891648
800,87000,1087706720
800,87100,967858289
800,87200,957805400
800,87300,812599166
800,87400,917906259
800,87500,780431996
800,87600,764728032
800,87700,846543777
800,87800,791401468
800,87900,917644123
800,88000,950268870
800,88100,1064404869
800,88200,731947773
800,88300,1101490949
800,88400,980053191
800,88500,1029441937
800,88600,790363265
800,88700,877536100
800,88800,754260496
800,88900,1033368320
800,89000,825226852
800,89100,768925779
800,89200,782260783
800,89300,1179113474
800,89400,747715859
800,89500,770525280
800,89600,950814400
800,89700,1079735817
800,89800,817209143
800,89900,1142870715
800,90000,881525599
800,90100,1022407856
800,90200,1007598338
800,90300,846408479
800,90400,1068222359
800,90500,911603977
800,90600,1216110150
800,90700,1033365908
800,90800,1155976505
800,90900,984014862
800,91000,1111279214
800,91100,869460752
800,91200,1103378816
800,91300,857360260
800,91400,1144709082
800,91500,1055150552
800,91600,1235706208
800,91700,1163536057
800,91800,1082583193
800,91900,874274855
800,92000,1035227470
800,92100,1189807998
800,92200,1021590498
800,92300,902690062
800,92400,897967674
800,92500,1119546363
800,92600,934996104
800,92700,1043548564
800,92800,1063753833
800,92900,1172371746
800,93000,1078441086
800,93100,982286777
800,93200,1064677396
800,93300,1252320687
800,93400,1325136536
800,93500,977770031
800,93600,997019723
800,93700,1239206789
800,93800,1087507209
800,93900,1199462803
800,94000,959126824
800,94100,1101209223
800,94200,1063939253
800,94300,1283232373
800,94400,1215233385
800,94500,908285177
800,94600,1210453095
800,94700,985628621
800,94800,862268995
800,94900,919311125
800,95000,901553548
800,95100,1098069331
800,95200,908150363
800,95300,1319649452
800,95400,1304242274
800,95500,1139551068
800,95600,1360665436
800,95700,1123156632
800,95800,963737295
800,95900,960474160
800,96000,1268392831
800,96100,906641298
800,96200,914563174
800,96300,1073497238
800,96400,1101065438
800,96500,1120153116
800,96600,1115472199
800,96700,930815290
800,96800,1134269080
800,96900,924049601
800,97000,933946705
800,97100,903237342
800,97200,1118859103
800,97300,1349370960
800,97400,1092598032
800,97500,1034206055
800,97600,1072868277
800,97700,1197680427
800,97800,1226743232
800,97900,1173023823
800,98000,1176228629
800,98100,1150462368
800,98200,960577746
800,98300,919816115
800,98400,950654252
800,98500,951807803
800,98600,1210626367
800,98700,998056598
800,98800,1414037447
800,98900,938271338
800,99000,912849430
800,99100,1191656862
800,99200,940236311
800,99300,945429821
800,99400,951875525
800,99500,920349469
800,99600,1059294542
800,99700,1003062118
800,99800,1202810972
800,99900,928308955
800,100000,1069945532
800,100100,1263762427
800,100200,1221823358
800,100300,980108119
800,100400,1126660953
800,100500,1104236450
800,100600,975158427
800,100700,887988895
800,100800,959226318
800,100900,927048906
800,101000,1051902544
800,101100,1070375393
800,101200,1129058008
800,101300,906627595
800,101400,1052382912
800,101500,909160966
800,101600,864746333
800,101700,1077468921
800,101800,923787499
800,101900,915224716
800,102000,914664190
800,102100,885666992
800,102200,870438434
800,102300,1092829702
800,102400,1333980121
800,102500,918576609
800,102600,868179224
800,102700,1212641031
800,102800,883158169
800,102900,994367117
800,103000,940809053
800,103100,1042238730
800,103200,972029345
800,103300,905476323
800,103400,1212099214
800,103500,971651265
800,103600,928622038
800,103700,1452301477
800,103800,1057741062
800,103900,968709153
800,104000,1104798141
800,104100,1197492932
800,104200,963002744
800,104300,907460510
800,104400,1158970128
800,104500,935767048
800,104600,983012420
800,104700,982723636
800,104800,880702545
800,104900,1021747364
800,105000,1261536936
800,105100,1148412148
800,105200,1231026071
800,105300,1302812629
800,105400,1234588765
800,105500,612822988
800,105600,924008685
800,105700,579479870
800,105800,633607919
800,105900,752348042
800,106000,1046228897
800,106100,1193974666
800,106200,1153615608
800,106300,1178247369
800,106400,1025828496
800,106500,915629236
800,106600,947706993
800,106700,1106603925
800,106800,1396460128
800,106900,1225281764
800,107000,1042678396
800,107100,1467266110
800,107200,971200717
800,107300,944397118
800,107400,1112768828
800,107500,933988999
800,107600,660336676
800,107700,900618397
800,107800,1228643236
800,107900,1028303360
800,108000,1139395628
800,108100,1169334573
800,108200,782067538
800,108300,1054680999
800,108400,1020595349
800,108500,1024307654
800,108600,966587871
800,108700,1156130494
800,108800,1037703981
800,108900,1510755982
800,109000,1139307860
800,109100,1413133130
800,109200,1155362564
800,109300,1023887183
800,109400,1352272675
800,109500,1441213636
800,109600,1462485419
800,109700,1314632140
800,109800,1317219156
800,109900,1052959218
800,110000,1524443668
800,110100,1265747884
800,110200,1039544303
800,110300,1102626321
800,110400,1107266777
800,110500,1359775289
800,110600,1533678178
800,110700,1066242246
800,110800,1076496919
800,110900,1449851058
800,111000,1285514720
800,111100,1476571808
800,111200,1334980538
800,111300,1307824365
800,111400,1101351802
800,111500,1079595524
800,111600,1126499783
800,111700,1151863819
800,111800,1529499870
800,111900,1241471347
800,112000,1305842885
800,112100,1082797221
800,112200,1164534396
800,112300,1088416656
800,112400,1271689144
800,112500,1072700578
800,112600,1068028955
800,112700,1242124930
800,112800,1330109461
800,112900,1231972695
800,113000,1151983385
800,113100,1032534258
800,113200,1445443225
800,113300,1063609985
800,113400,1362273112
800,113500,1152293247
800,113600,1317562240
800,113700,1172186842
800,113800,1389550945
800,113900,1105969499
800,114000,1085913761
800,114100,1453251132
800,114200,1008907022
800,114300,1106181236
800,114400,1346700695
800,114500,998687475
800,114600,1385570474
800,114700,1275892657
800,114800,1291427552
800,114900,1266454150
800,115000,1361897230
800,115100,1045429445
800,115200,1210880763
800,115300,1053112474
800,115400,1001429204
800,115500,1056502082
800,115600,1167556765
800,115700,1243308235
800,115800,1194148854
800,115900,1082798788
800,116000,1591203371
800,116100,1731993629
800,116200,1030127291
800,116300,1055693849
800,116400,1459334319
800,116500,1357079252
800,116600,1185993135
800,116700,1547657603
800,116800,1156842956
800,116900,1068393383
800,117000,1239180246
800,117100,1034024188
800,117200,1213978403
800,117300,1217974277
800,117400,1156657712
800,117500,1070643859
800,117600,1276986235
800,117700,1276252878
800,117800,1161900035
800,117900,1173835825
800,118000,1322691407
800,118100,1066242623
800,118200,1303608607
800,118300,1324536284
800,118400,1082186278
800,118500,1289685595
800,118600,1124319985
800,118700,1308227991
800,118800,1083989429
800,118900,1081485915
800,119000,1167576052
800,119100,1020246868
800,119200,1124444221
800,119300,1368358673
800,119400,1075194397
800,119500,1452477631
800,119600,1120439493
800,119700,1057201853
800,119800,1202181893
800,119900,1127475642
800,120000,1025975381
800,120100,1235829450
800,120200,1031596284
800,120300,1747979216
800,120400,1471834679
800,120500,1168432051
800,120600,1430412057
800,120700,1374786104
800,120800,1291801091
800,120900,1195157281
800,121000,1038282724
800,121100,1258481573
800,121200,1271303133
800,121300,1608435589
800,121400,1464683552
800,121500,1517805349
800,121600,1415198003
800,121700,1117662212
800,121800,1255343656
800,121900,1444245229
800,122000,1186177292
800,122100,1362576469
800,122200,1193920723
800,122300,1149072231
800,122400,1182559767
800,122500,1405481294
800,122600,1609231357
800,122700,1323803941
800,122800,1325439797
800,122900,1241354924
800,123000,1154572667
800,123100,1156605286
800,123200,1487720571
800,123300,1218272629
800,123400,1645715772
800,123500,1474907650
800,123600,1560172390
800,123700,1761999907
800,123800,1320518459
800,123900,1478996742
800,124000,1321091301
800,124100,1698718920
800,124200,1326733842
800,124300,1200901060
800,124400,1206524796
800,124500,1283733599
800,124600,1273370543
800,124700,1545878219
800,124800,1278275206
800,124900,1496404251
800,125000,1290570629
800,125100,1177030086
800,125200,1179508879
800,125300,1394880800
800,125400,1454211639
800,125500,1079780686
800,125600,1092461709
800,125700,1102227477
800,125800,1686327089
800,125900,1699456202
800,126000,1052554580
800,126100,1102062588
800,126200,1240656260
800,126300,1024666369
800,126400,1496910947
800,126500,1066883567
800,126600,1164700198
800,126700,1282900439
800,126800,1262043505
800,126900,1577545553
800,127000,1268720832
800,127100,1536670498
800,127200,1274085748
800,127300,1370021953
800,127400,1238810409
800,127500,1462866288
800,127600,1304087051
800,127700,1456257248
800,127800,1397151765
800,127900,1184808894
800,128000,1421733205
800,128100,1333429470
800,128200,1178886766
800,128300,1714797542
800,128400,1850439097
800,128500,1534550226
800,128600,1553105990
800,128700,1802104365
800,128800,1465205960
800,128900,1289315659
800,129000,1593678271
800,129100,1214294395
800,129200,1860939402
800,129300,1109183565
800,129400,1098697869
800,129500,1157640437
800,129600,1120955664
800,129700,1686565805
800,129800,1235033674
800,129900,1234793022
800,130000,1228817420
800,130100,1613985461
800,130200,1305322884
800,130300,1473793950
800,130400,1137896772
800,130500,1498961077
800,130600,1738082525
800,130700,1400778139
800,130800,1096004181
800,130900,1346752746
800,131000,1625057669
800,131100,1462239535
800,131200,1386165882
800,131300,1374422530
800,131400,1154151226
800,131500,1445995789
800,131600,1129515996
800,131700,1693229020
800,131800,1598920726
800,131900,1110857403
800,132000,1254381052
800,132100,1198161761
800,132200,1738646968
800,132300,1283204318
800,132400,1784346972
800,132500,1370222294
800,132600,1353561404
800,132700,1332726620
800,132800,1489332296
800,132900,1262129626
800,133000,1144914675
800,133100,1650477553
800,133200,1330097230
800,133300,1151669127
800,133400,1262188206
800,133500,1526868107
800,133600,1888467561
800,133700,1315758411
800,133800,1521860990
800,133900,1450321508
800,134000,1328982202
800,134100,1784153127
800,134200,1223987523
800,134300,1330246324
800,134400,1691317782
800,134500,1201604791
800,134600,1392150169
800,134700,1233321074
800,134800,1205599165
800,134900,1465992083
800,135000,1607558208
800,135100,1234395627
800,135200,1408058209
800,135300,1689061904
800,135400,1440454890
800,135500,1328243971
800,135600,1166715210
800,135700,1258314031
800,135800,1581642845
800,135900,1146097824
800,136000,1331799826
800,136100,1922603418
800,136200,1164199194
800,136300,1443923240
800,136400,1525632621
800,136500,1430818801
800,136600,1475905555
800,136700,1475264388
800,136800,1513324948
800,136900,1366696298
800,137000,1259061654
800,137100,1619696003
800,137200,1735010732
800,137300,1176560725
800,137400,1210575427
800,137500,1355937998
800,137600,1346987313
800,137700,1261964507
800,137800,1462650664
800,137900,1324189243
800,138000,1160233088
800,138100,1718107549
800,138200,1407501163
800,138300,1482161793
800,138400,1308696792
800,138500,1317999654
800,138600,1308361229
800,138700,1858139733
800,138800,1408183363
800,138900,1277998170
800,139000,1316153143
800,139100,1725150269
800,139200,1601277733
800,139300,1516096923
800,139400,1311373878
800,139500,1961074312
800,139600,1682820445
800,139700,1322707308
800,139800,1286077252
800,139900,1329690184
800,140000,1687724241
800,140100,1563776310
800,140200,1275072605
800,140300,1180155846
800,140400,1412116804
800,140500,1773007327
800,140600,1903167547
800,140700,1328460540
800,140800,1461247122
800,140900,2070771605
800,141000,1492808823
800,141100,1607753470
800,141200,1329505666
800,141300,1487558665
800,141400,1507763987
800,141500,1970106161
800,141600,2013418442
800,141700,1785862662
800,141800,1617596758
800,141900,1317031748
800,142000,1425814543
800,142100,1502996261
800,142200,1670984437
800,142300,1932825735
800,142400,1498021732
800,142500,1571570818
800,142600,1368554253
800,142700,1498073648
800,142800,1707639287
800,142900,1717139911
800,143000,1884882887
800,143100,1434805616
800,143200,1334501906
800,143300,1751557946
800,143400,1565984792
800,143500,1654813231
800,143600,1373303474
800,143700,1949548590
800,143800,1893557446
800,143900,1836875910
800,144000,2012931888
800,144100,1579141466
800,144200,1949480431
800,144300,1348257613
800,144400,1392009192
800,144500,1911379389
800,144600,1579251160
800,144700,1418762203
800,144800,1416159244
800,144900,1466205640
800,145000,1454174005
800,145100,1692006763
800,145200,1885032269
800,145300,2033320032
800,145400,1652874774
800,145500,1460922989
800,145600,1645900772
800,145700,1912439266
800,145800,1420891233
800,145900,1603662748
800,146000,1863533851
800,146100,1700792614
800,146200,1308445214
800,146300,1399766222
800,146400,1789563851
800,146500,1553467596
800,146600,1576429777
800,146700,1488824451
800,146800,1763774259
800,146900,1689247277
800,147000,1673714944
800,147100,1501788875
800,147200,1386888096
800,147300,1567759444
800,147400,1233792768
800,147500,1552609882
800,147600,1466006626
800,147700,1512085555
800,147800,2139915516
800,147900,1814615605
800,148000,1431237071
800,148100,1663840136
800,148200,1317837615
800,148300,1721569897
800,148400,1581591499
800,148500,1684484642
800,148600,1380735330
800,148700,1305856232
800,148800,1386248525
800,148900,1857377422
800,149000,1471868178
800,149100,1405461863
800,149200,1704492169
800,149300,1493820515
800,149400,2149995726
800,149500,1531883168
800,149600,1361864958
800,149700,1339333182
800,149800,1902819181
800,149900,1357307247
800,150000,1830716241
800,150100,1671182066
800,150200,1601147714
800,150300,1536246836
800,150400,1771062955
800,150500,1410828121
800,150600,1585441526
800,150700,1421212013
800,150800,1924980259
800,150900,1604430815
800,151000,1673080264
800,151100,1615638779
800,151200,2002295818
800,151300,1703351808
800,151400,1729945893
800,151500,2110239273
800,151600,1366943042
800,151700,1410342047
800,151800,1777220669
800,151900,1532194434
800,152000,1997507860
800,152100,1738152246
800,152200,1615327026
800,152300,1776469016
800,152400,1734660012
800,152500,1694383264
800,152600,1532769291
800,152700,1778948599
800,152800,1523398491
800,152900,2306571985
800,153000,2003543827
800,153100,2127816988
800,153200,1767114188
800,153300,1824798022
800,153400,1698184589
800,153500,1723508783
800,153600,1921016763
800,153700,1775497835
800,153800,2104126975
800,153900,1712205444
800,154000,1946078714
800,154100,1449871384
800,154200,1918284202
800,154300,1680535658
800,154400,2012234249
800,154500,1604839450
800,154600,1573734995
800,154700,1845426704
800,154800,1654473751
800,154900,1600650643
800,155000,1760518454
800,155100,1884867053
800,155200,1452446604
800,155300,2197984354
800,155400,1703056139
800,155500,1855084964
800,155600,1711643642
800,155700,1773510505
800,155800,2291528681
800,155900,1900862442
800,156000,2020353183
800,156100,1923784575
800,156200,1577837655
800,156300,1717079512
800,156400,1569975403
800,156500,1914559643
800,156600,1981838777
800,156700,1857071684
800,156800,1987549773
800,156900,2036067616
800,157000,1481701115
800,157100,1726655975
800,157200,1708894494
800,157300,2099159623
800,157400,1918266913
800,157500,2039611599
800,157600,1881326091
800,157700,1512838450
800,157800,1657356261
800,157900,1811835917
800,158000,1485225414
800,158100,1545024112
800,158200,1793086155
800,158300,1755300033
800,158400,1915825687
800,158500,1435817232
800,158600,1366155027
800,158700,1609926918
800,158800,1401679483
800,158900,2157785577
800,159000,1428999967
800,159100,1942831160
800,159200,1577511417
800,159300,1621688507
800,159400,2085891205
800,159500,1486630911
800,159600,2168747140
800,159700,1647907393
800,159800,1894975691
800,159900,1510647010
800,160000,2186169316
800,160100,2011704146
800,160200,1718976246
800,160300,1775022226
800,160400,1924411894
800,160500,1302214901
800,160600,1951117087
800,160700,2220851877
800,160800,1421796562
800,160900,1518313027
800,161000,1614974378
800,161100,1933516014
800,161200,1809529616
800,161300,1573107585
800,161400,1833658018
800,161500,1775651872
800,161600,1614429892
800,161700,1579483476
800,161800,2113714804
800,161900,2191288449
800,162000,1655675132
800,162100,1853775247
800,162200,2102556849
800,162300,1532863442
800,162400,2130965740
800,162500,1980890274
800,162600,1976591357
800,162700,2141892145
800,162800,1663581427
800,162900,1899649369
800,163000,1506033907
800,163100,2263388938
800,163200,1939130140
800,163300,1652891000
800,163400,1647728166
800,163500,1641218220
800,163600,1761795880
800,163700,1740861507
800,163800,1729590897
800,163900,2202214996
800,164000,2409570891
800,164100,2284622151
800,164200,1802121710
800,164300,1650268520
800,164400,1906376127
800,164500,2249116883
800,164600,1977715029
800,164700,2002732039
800,164800,1744747358
800,164900,2295315709
800,165000,1698020617
800,165100,2102858264
800,165200,1692675039
800,165300,2347398754
800,165400,2304123653
800,165500,1522580465
800,165600,1636597356
800,165700,2361375171
800,165800,2093881193
800,165900,1945382950
800,166000,1724854296
800,166100,1664700361
800,166200,1708027204
800,166300,1687806309
800,166400,1510090801
800,166500,2001728284
800,166600,1872575572
800,166700,1645878944
800,166800,1868907720
800,166900,1569791205
800,167000,1667375924
800,167100,1782918511
800,167200,1667726193
800,167300,1514901899
800,167400,1897402248
800,167500,2369112843
800,167600,1762974516
800,167700,2377595474
800,167800,2024787494
800,167900,2469142284
800,168000,2262631528
800,168100,1904793628
800,168200,2151290436
800,168300,2027006297
800,168400,1612805586
800,168500,1777301587
800,168600,1825444168
800,168700,1776709007
800,168800,2289494105
800,168900,2016092618
800,169000,1697645619
800,169100,1837348031
800,169200,1847942904
800,169300,1564251778
800,169400,2446547261
800,169500,1883183455
800,169600,1636955666
800,169700,1801418943
800,169800,1887681134
800,169900,1740916949
800,170000,1879788791
800,170100,2249578440
800,170200,1791123535
800,170300,1689739452
800,170400,1692147694
800,170500,1886166168
800,170600,1998995372
800,170700,1821033440
800,170800,1503217840
800,170900,2149126064
800,171000,1768562364
800,171100,1729864057
800,171200,1999115458
800,171300,1779567317
800,171400,2204245921
800,171500,1733250986
800,171600,2046553227
800,171700,2217633527
800,171800,1611009037
800,171900,2045569304
800,172000,1997866767
800,172100,1771628150
800,172200,1644603543
800,172300,1720940644
800,172400,1513656373
800,172500,1647226926
800,172600,1969045428
800,172700,1991497297
800,172800,1996231439
800,172900,1782376582
800,173000,1756973704
800,173100,2371101553
800,173200,1990946642
800,173300,1935616015
800,173400,1870970984
800,173500,2129681884
800,173600,1975697310
800,173700,2361389358
800,173800,1694967441
800,173900,1607230832
800,174000,1701525178
800,174100,1733859674
800,174200,1559169723
800,174300,2176477606
800,174400,1732117629
800,174500,2003952249
800,174600,2477069673
800,174700,2395126292
800,174800,2142164400
800,174900,1716616030
800,175000,1944610594
800,175100,2445530820
800,175200,1514093993
800,175300,1831697137
800,175400,2037078845
800,175500,1846470499
800,175600,1680939431
800,175700,1794953240
800,175800,1683954716
800,175900,1589900531
800,176000,1670465390
800,176100,1996688568
800,176200,1785083302
800,176300,2166962019
800,176400,2328201161
800,176500,1715698068
800,176600,1993481119
800,176700,1671632868
800,176800,2136459493
800,176900,1804406754
800,177000,1970486785
800,177100,2331088502
800,177200,2128416926
800,177300,1672481802
800,177400,1749315342
800,177500,1726555747
800,177600,1844625310
800,177700,2330726760
800,177800,1828369220
800,177900,2184812497
800,178000,1726014964
800,178100,1977189752
800,178200,1618966551
800,178300,1851458045
800,178400,1797871240
800,178500,1780862157
800,178600,1583150737
800,178700,2203634901
800,178800,2347195499
800,178900,1783855404
800,179000,1712913672
800,179100,1697863288
800,179200,1732952533
800,179300,1698153842
800,179400,1539682915
800,179500,2033541053
800,179600,2148660107
800,179700,1570915868
800,179800,1639057929
800,179900,1905468360
800,180000,1907231586
800,180100,1694600400
800,180200,2057087131
800,180300,1826412674
800,180400,1945922963
800,180500,1719809153
800,180600,1831802615
800,180700,1731726792
800,180800,1859837120
800,180900,2092482152
800,181000,2019197709
800,181100,1793581873
800,181200,2135813632
800,181300,1773778990
800,181400,1771874315
800,181500,2634752197
800,181600,2638690484
800,181700,2064916819
800,181800,1747208441
800,181900,1667688504
800,182000,2127835679
800,182100,1918729730
800,182200,1585721237
800,182300,1811811060
800,182400,2452994693
800,182500,1627298486
800,182600,2568853212
800,182700,2469042637
800,182800,1622766542
800,182900,1606706972
800,183000,1988117420
800,183100,1587023988
800,183200,2431647314
800,183300,1606752643
800,183400,1675397362
800,183500,1600167525
800,183600,1736289754
800,183700,2184319980
800,183800,1750557909
800,183900,1857514674
800,184000,1684098822
800,184100,2175715348
800,184200,1763256051
800,184300,2541824448
800,184400,2460335850
800,184500,2035772191
800,184600,1756163059
800,184700,1714728737
800,184800,2277600402
800,184900,2221535367
800,185000,1747690258
800,185100,2673030736
800,185200,1935876782
800,185300,2559253048
800,185400,1979119104
800,185500,1532687340
800,185600,1744230710
800,185700,2023044780
800,185800,1702409947
800,185900,1762313153
800,186000,2677461702
800,186100,1853639694
800,186200,2507301033
800,186300,2058682029
800,186400,1893617592
800,186500,2458191159
800,186600,1780173480
800,186700,2188632167
800,186800,1811890271
800,186900,1817020008
800,187000,2072180361
800,187100,1888451063
800,187200,2616379683
800,187300,2019458083
800,187400,2078174115
800,187500,2191021810
800,187600,2605311558
800,187700,1690896404
800,187800,1816763594
800,187900,2713911845
800,188000,2378202893
800,188100,1803931073
800,188200,1694293726
800,188300,1633827335
800,188400,1718036443
800,188500,1876868329
800,188600,2495608200
800,188700,2492836958
800,188800,1801180812
800,188900,1808252367
800,189000,1953488942
800,189100,2148082718
800,189200,1809356199
800,189300,1873332178
800,189400,1925638759
800,189500,2140860025
800,189600,1963904747
800,189700,1734667776
800,189800,1963209611
800,189900,1987543313
800,190000,2770437736
800,190100,1727260701
800,190200,1822582601
800,190300,2156480957
800,190400,1898684465
800,190500,2749191484
800,190600,2306109419
800,190700,1828308790
800,190800,1845770227
800,190900,1901706933
800,191000,1731361977
800,191100,1906077354
800,191200,1849869302
800,191300,1900730338
800,191400,1767264208
800,191500,1690763279
800,191600,1762013071
800,191700,2452685103
800,191800,2059268060
800,191900,1778837692
800,192000,1804164073
800,192100,1829452275
800,192200,1814397989
800,192300,1459980447
800,192400,1780213352
800,192500,1940563814
800,192600,1818438465
800,192700,2311863469
800,192800,1781554212
800,192900,2036092352
800,193000,2318039393
800,193100,1405627143
800,193200,1833196516
800,193300,1928129709
800,193400,1924215284
800,193500,2736220595
800,193600,2114542198
800,193700,2236491563
800,193800,2574459777
800,193900,1948211116
800,194000,1781582193
800,194100,1737050738
800,194200,2343623846
800,194300,1797905361
800,194400,1809864796
800,194500,1900863104
800,194600,1756649009
800,194700,2375090746
800,194800,2298442232
800,194900,2109223730
800,195000,1854847315
800,195100,1859809754
800,195200,2516160305
800,195300,2294142312
800,195400,2462525904
800,195500,2658349744
800,195600,2458586671
800,195700,2232753334
800,195800,2354140564
800,195900,2607386274
800,196000,2524019143
800,196100,1991458166
800,196200,1841568941
800,196300,1798990051
800,196400,1784363264
800,196500,1953729423
800,196600,1984838635
800,196700,1874482371
800,196800,1956505222
800,196900,2681198932
800,197000,1879927984
800,197100,2650577910
800,197200,1797639260
800,197300,1786474813
800,197400,1945629851
800,197500,2623049281
800,197600,2048221112
800,197700,2075037353
800,197800,1746727163
800,197900,2031856202
800,198000,1932645107
800,198100,1787767385
800,198200,2075773071
800,198300,1686341017
800,198400,2108397772
800,198500,2520006280
800,198600,2281597433
800,198700,2040411433
800,198800,2114928590
800,198900,2150390215
800,199000,2294501681
800,199100,2329468197
800,199200,2433596538
800,199300,1939932896
800,199400,1921788458
800,199500,2439072534
800,199600,2459178571
800,199700,2473012424
800,199800,2455895854
800,199900,2080868365
800,200000,2009473080
800,200100,2153616666
800,200200,2558044372
800,200300,2154735995
800,200400,1837089443
800,200500,2399934808
800,200600,2315016098
800,200700,2143462853
800,200800,2703753125
800,200900,2184412674
800,201000,2187148450
800,201100,3002593393
800,201200,2005090230
800,201300,2738985255
800,201400,2171775048
800,201500,2178025673
800,201600,2357146324
800,201700,1908117151
800,201800,1940781625
800,201900,2213774488
800,202000,2097933486
800,202100,1958355459
800,202200,2340037484
800,202300,2262687159
800,202400,2139070238
800,202500,2691260147
800,202600,1926161669
800,202700,2366050037
800,202800,2068917374
800,202900,2097540965
800,203000,2132554371
800,203100,2212270523
800,203200,2168977257
800,203300,2171583229
800,203400,1859810798
800,203500,1962686554
800,203600,2297746226
800,203700,2267439909
800,203800,1948930119
800,203900,1837239563
800,204000,2638193803
800,204100,1930011692
800,204200,2179859791
800,204300,1938899331
800,204400,2033258059
800,204500,2046028553
800,204600,2208368482
800,204700,1860300119
800,204800,1937790301
800,204900,1922794414
800,205000,1761031254
800,205100,2539846675
800,205200,2767555006
800,205300,2060834075
800,205400,2705412549
800,205500,1986611860
800,205600,1781621612
800,205700,1853074448
800,205800,2512725880
800,205900,1989457706
800,206000,1981465401
800,206100,1873173487
800,206200,1956511838
800,206300,2051842897
800,206400,2481728959
800,206500,2005773513
800,206600,1971136840
800,206700,2207600149
800,206800,2195833005
800,206900,2283653752
800,207000,2519970091
800,207100,3008691557
800,207200,2565537180
800,207300,2766331426
800,207400,2092069447
800,207500,2182271602
800,207600,1906963365
800,207700,2023053828
800,207800,1959079083
800,207900,2006420952
800,208000,2064927904
800,208100,2863362920
800,208200,1833597357
800,208300,2310549266
800,208400,2682334849
800,208500,2137706818
800,208600,2468550054
800,208700,1921314933
800,208800,2919062171
800,208900,2286649172
800,209000,2634817139
800,209100,2694280407
800,209200,2072518350
800,209300,2204534008
800,209400,2245852925
800,209500,2787934460
800,209600,2367599659
800,209700,2491316654
800,209800,2001352949
800,209900,2273369033
800,210000,2074390762
800,210100,2700856407
800,210200,2741351803
800,210300,2078937719
800,210400,3113156913
800,210500,2090493298
800,210600,2015823428
800,210700,2265231952
800,210800,2075737738
800,210900,2015328932
800,211000,2198027564
800,211100,2395954160
800,211200,1937186991
800,211300,2016633060
800,211400,2680231499
800,211500,1888564643
800,211600,2882343669
800,211700,2235135076
800,211800,2397381230
800,211900,2144965501
800,212000,2068423860
800,212100,2719233720
800,212200,2132211404
800,212300,2144570476
800,212400,2054334049
800,212500,2162019676
800,212600,2895263562
800,212700,1850843941
800,212800,2296355721
800,212900,2417441542
800,213000,2390610806
800,213100,2325602111
800,213200,1997001955
800,213300,2433704666
800,213400,2998493459
800,213500,2010846240
800,213600,2106660992
800,213700,2062233706
800,213800,2107134040
800,213900,2511884213
800,214000,1916530744
800,214100,1920312101
800,214200,2557422448
800,214300,2787209797
800,214400,2028173231
800,214500,2152645103
800,214600,2198501658
800,214700,1930260833
800,214800,2225224665
800,214900,2285504890
800,215000,1929971080
800,215100,2152468759
800,215200,2032980618
800,215300,2394455261
800,215400,2241445469
800,215500,2694027165
800,215600,1965411145
800,215700,2210845744
800,215800,2208935305
800,215900,1936542106
800,216000,2618702034
800,216100,2531902803
800,216200,2233299983
800,216300,3137107530
800,216400,2802242627
800,216500,2511529120
800,216600,3249339138
800,216700,2134520925
800,216800,2388865680
800,216900,1981584992
800,217000,2010888404
800,217100,2217290748
800,217200,2267219373
800,217300,3043565081
800,217400,2906038852
800,217500,2712400483
800,217600,3238261651
800,217700,2211696335
800,217800,1926126790
800,217900,1980974708
800,218000,2414017822
800,218100,2198658484
800,218200,2578534696
800,218300,2341870181
800,218400,2589731885
800,218500,2104563639
800,218600,2124890475
800,218700,2157179527
800,218800,2306474649
800,218900,2196026381
800,219000,2336827615
800,219100,2382556601
800,219200,2305297348
800,219300,2307637357
800,219400,2018304953
800,219500,2031815682
800,219600,1987721121
800,219700,2147994492
800,219800,2605841933
800,219900,2087335965
800,220000,1933211887
800,220100,2556411716
800,220200,2200519720
800,220300,2184172755
800,220400,1918021487
800,220500,2210800456
800,220600,2338511262
800,220700,2122594241
800,220800,2803906486
800,220900,2252808944
800,221000,2385766739
800,221100,2160134980
800,221200,2142484129
800,221300,2710428875
800,221400,2699815259
800,221500,2289498337
800,221600,2154284998
800,221700,2348625789
800,221800,2346474726
800,221900,3062333947
800,222000,2515003381
800,222100,2358633812
800,222200,3189776856
800,222300,2128125613
800,222400,2460733756
800,222500,2645625308
800,222600,2619688545
800,222700,2230236806
800,222800,2248121186
800,222900,2881278209
800,223000,2666275812
800,223100,3342429262
800,223200,3444747806
800,223300,2894939944
800,223400,2164063672
800,223500,3159592388
800,223600,2317154672
800,223700,3026142852
800,223800,3153836360
800,223900,2466267427
800,224000,2527257043
800,224100,2096719878
800,224200,2648111265
800,224300,2258571006
800,224400,2082660724
800,224500,2476431508
800,224600,2276507958
800,224700,2957637056
800,224800,2578600136
800,224900,2659813015
800,225000,2327911137
800,225100,2579359363
800,225200,3506978535
800,225300,2090612982
800,225400,2457830778
800,225500,2299641579
800,225600,2491003475
800,225700,2502575449
800,225800,2614600678
800,225900,2307710023
800,226000,2970129597
800,226100,2842855368
800,226200,1928995251
800,226300,2167248469
800,226400,2519073248
800,226500,2389069389
800,226600,2284413965
800,226700,2361138361
800,226800,2094423191
800,226900,2497523788
800,227000,2884990114
800,227100,3172921421
800,227200,2402236696
800,227300,2899787094
800,227400,2564214122
800,227500,2162801937
800,227600,2270078210
800,227700,2124162880
800,227800,2527518806
800,227900,3214786688
800,228000,2675233055
800,228100,2379528508
800,228200,2417708746
800,228300,2316483773
800,228400,2317433628
800,228500,2859925674
800,228600,3102219414
800,228700,2912679023
800,228800,2318370235
800,228900,2658874822
800,229000,2856938522
800,229100,2333609211
800,229200,2223289207
800,229300,2192572460
800,229400,2380612584
800,229500,2146513305
800,229600,2466423499
800,229700,3227046063
800,229800,2859622741
800,229900,2527021970
800,230000,3358416111
800,230100,2207595225
800,230200,3037008812
800,230300,2666883804
800,230400,3431975502
800,230500,3518489551
800,230600,2409046381
800,230700,2583814590
800,230800,2649565115
800,230900,2509148395
800,231000,2391596616
800,231100,2393181821
800,231200,2677745632
800,231300,2591498141
800,231400,3026273980
800,231500,2978037093
800,231600,2738691021
800,231700,2502816780
800,231800,2670841907
800,231900,3467563437
800,232000,2245897158
800,232100,2729362033
800,232200,3366663282
800,232300,2864284968
800,232400,2194058217
800,232500,2671850361
800,232600,2418237232
800,232700,2867308399
800,232800,2486044874
800,232900,2546759134
800,233000,2298653716
800,233100,2823613710
800,233200,3147668967
800,233300,2603703701
800,233400,3118656369
800,233500,2531188615
800,233600,2158291419
800,233700,3010803621
800,233800,3237021007
800,233900,2522768558
800,234000,2085838466
800,234100,3189667884
800,234200,2482057692
800,234300,2600058884
800,234400,3277304634
800,234500,2711986662
800,234600,2236926736
800,234700,2520594148
800,234800,3476979398
800,234900,2620413574
800,235000,2451839343
800,235100,2546199570
800,235200,3079392666
800,235300,2678695414
800,235400,3226467203
800,235500,2701728734
800,235600,2547784020
800,235700,2986395062
800,235800,2246314878
800,235900,2564106451
800,236000,2525149680
800,236100,3409117815
800,236200,2627622795
800,236300,2347867914
800,236400,2544374391
800,236500,2550246570
800,236600,2633299665
800,236700,3178319304
800,236800,2180616866
800,236900,3080657871
800,237000,3344574409
800,237100,2987146695
800,237200,2583795411
800,237300,2520361284
800,237400,2381161458
800,237500,2438270157
800,237600,2275032558
800,237700,3001171123
800,237800,3160980631
800,237900,2399063619
800,238000,2702969227
800,238100,2378263633
800,238200,2629164209
800,238300,3009383825
800,238400,3152544571
800,238500,2267605219
800,238600,2909300525
800,238700,2419755758
800,238800,3379767859
800,238900,2646367391
800,239000,2778512487
800,239100,2311051512
800,239200,2410870364
800,239300,2519897329
800,239400,2417442326
800,239500,2432642053
800,239600,2549421983
800,239700,2437185636
800,239800,2629170315
800,239900,2467367554
800,240000,2599348770
800,240100,2698706340
800,240200,2864841812
800,240300,2532326619
800,240400,2444042565
800,240500,3582179225
800,240600,2850515719
800,240700,3462814691
800,240800,2791025462
800,240900,2613344563
800,241000,2577618528
800,241100,2717174174
800,241200,2526307614
800,241300,3429991586
800,241400,2539007051
800,241500,2884417570
800,241600,2608850780
800,241700,2811739114
800,241800,2275358527
800,241900,2101646292
800,242000,2788352922
800,242100,2432501911
800,242200,2560391551
800,242300,2686702595
800,242400,2525997195
800,242500,3260889092
800,242600,2868023867
800,242700,2169898180
800,242800,2378987532
800,242900,2758515656
800,243000,2407863234
800,243100,2328667218
800,243200,2563279706
800,243300,2502144999
800,243400,2551900809
800,243500,2265176293
800,243600,2693939568
800,243700,2680693715
800,243800,2396145543
800,243900,2558711711
800,244000,2468470213
800,244100,3453240260
800,244200,2977486163
800,244300,2855908969
800,244400,2333516203
800,244500,2834049783
800,244600,3020079383
800,244700,2343493713
800,244800,2437813542
800,244900,2570417685
800,245000,2572081488
800,245100,3282133274
800,245200,2908529223
800,245300,2622826976
800,245400,2340531853
800,245500,2841181257
800,245600,2374635715
800,245700,2617593565
800,245800,2644018429
800,245900,3689447781
800,246000,2525711485
800,246100,2719452848
800,246200,2823202114
800,246300,2567346841
800,246400,2521696779
800,246500,2739304691
800,246600,2294481388
800,246700,3362663006
800,246800,2621803799
800,246900,2695875644
800,247000,2703341545
800,247100,2690337637
800,247200,3007161143
800,247300,2619045722
800,247400,3133046761
800,247500,2383537140
800,247600,2878445698
800,247700,2629105774
800,247800,2957663328
800,247900,3423192954
800,248000,2661271764
800,248100,2669192805
800,248200,2851243901
800,248300,3388885053
800,248400,2799861209
800,248500,2311017522
800,248600,2521228851
800,248700,2599797452
800,248800,2169744265
800,248900,3014650359
800,249000,2952358126
800,249100,2489100968
800,249200,3364474990
800,249300,2528156876
800,249400,2546033289
800,249500,3068393295
800,249600,3083790967
800,249700,2828864705
800,249800,3478238819
800,249900,2835470672
800,250000,3498785816
800,250100,2585198691
800,250200,3009142124
800,250300,2778472518
800,250400,2470851488
800,250500,3116045577
800,250600,2420579143
800,250700,2404919217
800,250800,2874024522
800,250900,2738581361
800,251000,2937649945
800,251100,2818987489
800,251200,3103154056
800,251300,3111881564
800,251400,2856717396
800,251500,2981350648
800,251600,3536051145
800,251700,2501091519
800,251800,2805839189
800,251900,3359083379
800,252000,2814124583
800,252100,3350204588
800,252200,3575664650
800,252300,2799586373
800,252400,3651945497
800,252500,2815083244
800,252600,3145061258
800,252700,2236845170
800,252800,2509825642
800,252900,2977261974
800,253000,2693996841
800,253100,2219964713
800,253200,2904557447
800,253300,2780585453
800,253400,2366000717
800,253500,3073672994
800,253600,3341529938
800,253700,2562540492
800,253800,2640394384
800,253900,2828641079
800,254000,2550936053
800,254100,2403618176
800,254200,2527275316
800,254300,2847762036
800,254400,2451001210
800,254500,2887783108
800,254600,2319344032
800,254700,2935826527
800,254800,3028169354
800,254900,3096072882
800,255000,2418829432
800,255100,2547280413
800,255200,2234421492
800,255300,2920298985
800,255400,2528695523
800,255500,2787444001
800,255600,2448261798
800,255700,3032986952
800,255800,2793567587
800,255900,3468352962
800,256000,2898151205
800,256100,2696579884
800,256200,2929492143
800,256300,2556062959
800,256400,2369014151
800,256500,2547268053
800,256600,3116401258
800,256700,2673030108
800,256800,3131990103
800,256900,2382512041
800,257000,3065337826
800,257100,2356661126
800,257200,2567118103
800,257300,2912813173
800,257400,2630119559
800,257500,3387882168
800,257600,2974180308
800,257700,3226682643
800,257800,2352775750
800,257900,2590640663
800,258000,2297112819
800,258100,2710474815
800,258200,2744823316
800,258300,2688010956
800,258400,2904633286
800,258500,2693338891
800,258600,2807899738
800,258700,3041621504
800,258800,2816874602
800,258900,3726856891
800,259000,2430570827
800,259100,2872353812
800,259200,3209957060
800,259300,2954066382
800,259400,2665926535
800,259500,3014426868
800,259600,3680011864
800,259700,2659082680
800,259800,2845884612
800,259900,2983992514
800,260000,3240213450
800,260100,2650188082
800,260200,2810705154
800,260300,2395036954
800,260400,2586655542
800,260500,3051287731
800,260600,2548612549
800,260700,3590863736
800,260800,3329633803
800,260900,3719065786
800,261000,2821847395
800,261100,3005102299
800,261200,3197461982
800,261300,3043878133
800,261400,2970761716
800,261500,2854222301
800,261600,3013061171
800,261700,2424168345
800,261800,2223903741
800,261900,2420715134
800,262000,2835009446
800,262100,2786263586
800,262200,2888505353
800,262300,2528326604
800,262400,2365523039
800,262500,2715046404
800,262600,2215176002
800,262700,2688739251
800,262800,2239612575
800,262900,2694775214
800,263000,2373583487
800,263100,3082766774
800,263200,2856266189
800,263300,2495070521
800,263400,2792082361
800,263500,2932280812
800,263600,2487885711
800,263700,2403628446
800,263800,2724624511
800,263900,3352877908
800,264000,2514077322
800,264100,3152628887
800,264200,3167478693
800,264300,2483370209
800,264400,3307608252
800,264500,2893738749
800,264600,2786218173
800,264700,2924995587
800,264800,3471333447
800,264900,3133298403
800,265000,2274177485
800,265100,2315446996
800,265200,3165331104
800,265300,3152432009
800,265400,3208876991
800,265500,2673845605
800,265600,3781921434
800,265700,3704944876
800,265800,2850775854
800,265900,2974085668
800,266000,2881141932
800,266100,2996481044
800,266200,2498906244
800,266300,2565156404
800,266400,2846303922
800,266500,2709287357
800,266600,3392080502
800,266700,3367326720
800,266800,2329985577
800,266900,2901148670
800,267000,2745287184
800,267100,3238722221
800,267200,3145809064
800,267300,3021931542
800,267400,3405821264
800,267500,3629083279
800,267600,2830258008
800,267700,2713301474
800,267800,2736654713
800,267900,2620202856
800,268000,2694285387
800,268100,2759950088
800,268200,3179486699
800,268300,2498487780
800,268400,2689919196
800,268500,2700264565
800,268600,2707076464
800,268700,3681156292
800,268800,3203924608
800,268900,2876174721
800,269000,2769434254
800,269100,2305788147
800,269200,3279056328
800,269300,2715550137
800,269400,2880141390
800,269500,3532704061
800,269600,2437708272
800,269700,3594531859
800,269800,3395913750
800,269900,3429993513
800,270000,3320060009
800,270100,3406749728
800,270200,3294663348
800,270300,2606750953
800,270400,3691007229
800,270500,3174131215
800,270600,2865849397
800,270700,3447661482
800,270800,3237469619
800,270900,2879683963
800,271000,3342007343
800,271100,2764358217
800,271200,3135123401
800,271300,2753003185
800,271400,2652190376
800,271500,2896199508
800,271600,3008486688
800,271700,2923389884
800,271800,3352649142
800,271900,3433594051
800,272000,3249359502
800,272100,3538623837
800,272200,2944041489
800,272300,3160380334
800,272400,3041010529
800,272500,2549914459
800,272600,3485795478
800,272700,2551026645
800,272800,2887381699
800,272900,3045388149
800,273000,2897929339
800,273100,3757526629
800,273200,3490300649
800,273300,2282008677
800,273400,2428143822
800,273500,3113301183
800,273600,2959779902
800,273700,2647525496
800,273800,3313360362
800,273900,2902983839
800,274000,2868497456
800,274100,3181386365
800,274200,3663463070
800,274300,2945607663
800,274400,2601240717
800,274500,3459445243
800,274600,2575020118
800,274700,2612164163
800,274800,3265197150
800,274900,3133172065
800,275000,3373013410
800,275100,3174834763
800,275200,2869538382
800,275300,3152409299
800,275400,2819948984
800,275500,2426342793
800,275600,2788981951
800,275700,3001909196
800,275800,3948804139
800,275900,2987483701
800,276000,2934078892
800,276100,3198143979
800,276200,2861757385
800,276300,3535789028
800,276400,3486697597
800,276500,3705216430
800,276600,2871602374
800,276700,3639047279
800,276800,3593161108
800,276900,2933103332
800,277000,2925929257
800,277100,3334975942
800,277200,2919890603
800,277300,2919211170
800,277400,3832088767
800,277500,3626882526
800,277600,3203069396
800,277700,3812012580
800,277800,2603124520
800,277900,3052123797
800,278000,3216038653
800,278100,3306781309
800,278200,2878088761
800,278300,3086890289
800,278400,3336206468
800,278500,3664112546
800,278600,3794243259
800,278700,2760561491
800,278800,3322897844
800,278900,2964020055
800,279000,3277499042
800,279100,3513884371
800,279200,3144645593
800,279300,3343391515
800,279400,3148875966
800,279500,3469536662
800,279600,3073249499
800,279700,2940219479
800,279800,3336730139
800,279900,2890469937
800,280000,3732885844
800,280100,3025536312
800,280200,3739260025
800,280300,3825598802
800,280400,3096860830
800,280500,2978768404
800,280600,2795504123
800,280700,2801969133
800,280800,3773694731
800,280900,3127393749
800,281000,3967672212
800,281100,2844154487
800,281200,2878501097
800,281300,3418546058
800,281400,3122654716
800,281500,3321380996
800,281600,3516030760
800,281700,3281003368
800,281800,2786874663
800,281900,3550297449
800,282000,3168853026
800,282100,2655940294
800,282200,2906682016
800,282300,3821897823
800,282400,2897483571
800,282500,2866521232
800,282600,3934944535
800,282700,3279716497
800,282800,3913215997
800,282900,3399418264
800,283000,2946617132
800,283100,2862821721
800,283200,3525259374
800,283300,2790578930
800,283400,2962554684
800,283500,3553072083
800,283600,3299336195
800,283700,2848423012
800,283800,3451253263
800,283900,3033641867
800,284000,3152645913
800,284100,2742827090
800,284200,3464333362
800,284300,2721027149
800,284400,2863422171
800,284500,3486976984
800,284600,3373490591
800,284700,2913855121
800,284800,3502326082
800,284900,3248437415
800,285000,3369707674
800,285100,2802497914
800,285200,2903361672
800,285300,2887092738
800,285400,2769445066
800,285500,2872198971
800,285600,4117971511
800,285700,3936187901
800,285800,3312922836
800,285900,2904787487
800,286000,3135621288
800,286100,3549035400
800,286200,3097217640
800,286300,2563098208
800,286400,2803126038
800,286500,2963188856
800,286600,2820446296
800,286700,3016593828
800,286800,3554911311
800,286900,2983983419
800,287000,2969776493
800,287100,2962632496
800,287200,2993406687
800,287300,3025104180
800,287400,3309020269
800,287500,3880079838
800,287600,2942367545
800,287700,2841536656
800,287800,3307393145
800,287900,3322695698
800,288000,3992068877
800,288100,3639276396
800,288200,3161725707
800,288300,3202285073
800,288400,3821596806
800,288500,3454270677
800,288600,3821759716
800,288700,3994663794
800,288800,3179037810
800,288900,2727429366
800,289000,3053005902
800,289100,2811757648
800,289200,3554469022
800,289300,3188901722
800,289400,2922152302
800,289500,3374352875
800,289600,3181828673
800,289700,3224755309
800,289800,3580451220
800,289900,3986715421
800,290000,2663100268
800,290100,2579596328
800,290200,3242963039
800,290300,2943209583
800,290400,2524804301
800,290500,3589760821
800,290600,3904298262
800,290700,3006176444
800,290800,3164216455
800,290900,2926274363
800,291000,3313751325
800,291100,2756087053
800,291200,2660384141
800,291300,4054248664
800,291400,3206217530
800,291500,2951665365
800,291600,3942351438
800,291700,3348686256
800,291800,3016468691
800,291900,3657772187
800,292000,4094293508
800,292100,3121841368
800,292200,2871184540
800,292300,2652712602
800,292400,2929483083
800,292500,3260526337
800,292600,3747780779
800,292700,2579700383
800,292800,3558365808
800,292900,2908169477
800,293000,3340296216
800,293100,2916258831
800,293200,3361472147
800,293300,3025988439
800,293400,3000596042
800,293500,2691181972
800,293600,2690841078
800,293700,3785892718
800,293800,3434427406
800,293900,3018275527
800,294000,3691618778
800,294100,3582638207
800,294200,2806842100
800,294300,2802162949
800,294400,3002042508
800,294500,2818514976
800,294600,3630085910
800,294700,3047454020
800,294800,3640924813
800,294900,3149156944
800,295000,4317942476
800,295100,3439530847
800,295200,2810421295
800,295300,3593091716
800,295400,3677614805
800,295500,3192149956
800,295600,3085042063
800,295700,2918090944
800,295800,3840872005
800,295900,2696402813
800,296000,3017599722
800,296100,3599287168
800,296200,3081992062
800,296300,3287854146
800,296400,2976349197
800,296500,2862036850
800,296600,2798535460
800,296700,2946160402
800,296800,2805697899
800,296900,3060922979
800,297000,3098003818
800,297100,2845473710
800,297200,2677766321
800,297300,4116702631
800,297400,3149792941
800,297500,3364988912
800,297600,4016053139
800,297700,2828777916
800,297800,2844972322
800,297900,2847244581
800,298000,2960191590
800,298100,2971285229
800,298200,3201904257
800,298300,2736725690
800,298400,2829858908
800,298500,2846837191
800,298600,3480841596
800,298700,2696507325
800,298800,3546045639
800,298900,3119783858
800,299000,3088228866
800,299100,3198871381
800,299200,3134328932
800,299300,3484394673
800,299400,3024200847
800,299500,2728070791
800,299600,2723497057
800,299700,3715396512
800,299800,4130669532
800,299900,3346092908
800,300000,4068358671
800,300100,3393557283
800,300200,2977286387
800,300300,3245931016
800,300400,3881303424
800,300500,3038450933
800,300600,3176170266
800,300700,2825514038
800,300800,3170868316
800,300900,2875765697
800,301000,2599322557
800,301100,3420102354
800,301200,4103003957
800,301300,2798297511
800,301400,3768593078
800,301500,2699318715
800,301600,4335864243
800,301700,3149888259
800,301800,2819181826
800,301900,4142648838
800,302000,3267991604
800,302100,3537991420
800,302200,3057665942
800,302300,2948599340
800,302400,2782383141
800,302500,3037939042
800,302600,3825746829
800,302700,3078315926
800,302800,3025891103
800,302900,3119390938
800,303000,2810094553
800,303100,3274450790
800,303200,3305924046
800,303300,3264707599
800,303400,4109952971
800,303500,3663442299
800,303600,3423215960
800,303700,3353586589
800,303800,3176659234
800,303900,3463454708
800,304000,3925476828
800,304100,4644319070
800,304200,3454983092
800,304300,3749533123
800,304400,3828411647
800,304500,3575367496
800,304600,3673294901
800,304700,3055051760
800,304800,3303756789
800,304900,3130648915
800,305000,3680839624
800,305100,2922950091
800,305200,3316616259
800,305300,3379378448
800,305400,3120483219
800,305500,2866536647
800,305600,3946873887
800,305700,4126637534
800,305800,3481818990
800,305900,3437843775
800,306000,3472975080
800,306100,3121008274
800,306200,2692704961
800,306300,3247232153
800,306400,3802264839
800,306500,2926077056
800,306600,2825518333
800,306700,3353980473
800,306800,3147420136
800,306900,3154984773
800,307000,3194857855
800,307100,3711830853
800,307200,3722479353
800,307300,3441615955
800,307400,4284710033
800,307500,2960990986
800,307600,3281098806
800,307700,4383799365
800,307800,3512756757
800,307900,3408099141
800,308000,4724766087
800,308100,3372543474
800,308200,3606819241
800,308300,3489514034
800,308400,3623801058
800,308500,2758273083
800,308600,2711768012
800,308700,2978780204
800,308800,2834110054
800,308900,3973430641
800,309000,3144689735
800,309100,2908374537
800,309200,3784083780
800,309300,2720386478
800,309400,4048612954
800,309500,3881450032
800,309600,3292079602
800,309700,3147035697
800,309800,3394823034
800,309900,3861448933
800,310000,2774864549
800,310100,2892515465
800,310200,3120076651
800,310300,2743952277
800,310400,3825548525
800,310500,4367270240
800,310600,3768499460
800,310700,2992172365
800,310800,3305221213
800,310900,4138779722
800,311000,3889175105
800,311100,3526114335
800,311200,2859979205
800,311300,3332031074
800,311400,3219329282
800,311500,3586473659
800,311600,3495933596
800,311700,3398964295
800,311800,3208219282
800,311900,3035310708
800,312000,3050521807
800,312100,3523942016
800,312200,2983634597
800,312300,2781069371
800,312400,4056088262
800,312500,3833811656
800,312600,4408940296
800,312700,3106384140
800,312800,3658616141
800,312900,4318950923
800,313000,3264742207
800,313100,2915617907
800,313200,3356415985
800,313300,4144995979
800,313400,3084961088
800,313500,3102300258
800,313600,2854008542
800,313700,3245591251
800,313800,3154373386
800,313900,3735104568
800,314000,3349530221
800,314100,3107986079
800,314200,3143554186
800,314300,2877737882
800,314400,3971215916
800,314500,3651338441
800,314600,3440173288
800,314700,3756334276
800,314800,3320036736
800,314900,3198925464
800,315000,3058584960
800,315100,3790373820
800,315200,3546922170
800,315300,3009812960
800,315400,3255693459
800,315500,3445837543
800,315600,3511372615
800,315700,3124531601
800,315800,4371797503
800,315900,3511914729
800,316000,3339705145
800,316100,3700190037
800,316200,3986503352
800,316300,3617427007
800,316400,3502992290
800,316500,3517742222
800,316600,3428504855
800,316700,3400880184
800,316800,3400936562
800,316900,3676298832
800,317000,3356365922
800,317100,3498803802
800,317200,4677946729
800,317300,3004544644
800,317400,3389281710
800,317500,3120283870
800,317600,4292546240
800,317700,3580223279
800,317800,4010986778
800,317900,3470930617
800,318000,3650761258
800,318100,3094919374
800,318200,3851260827
800,318300,3848945041
800,318400,4123541798
800,318500,2956613050
800,318600,3743026701
800,318700,3439685996
800,318800,3976359960
800,318900,3075405517
800,319000,4659273007
800,319100,3874808161
800,319200,3710438944
800,319300,3688663978
800,319400,3913722639
800,319500,4342559989
800,319600,3140388734
800,319700,3273267419
800,319800,2974367426
800,319900,3300154496
800,320000,3261201412
800,320100,3860563651
800,320200,4052732290
800,320300,3565640071
800,320400,3538589578
800,320500,3031975589
800,320600,3549369513
800,320700,4439417967
800,320800,3873570448
800,320900,4128349538
800,321000,3104445350
800,321100,3212103874
800,321200,3791761162
800,321300,4551015867
800,321400,4430769885
800,321500,3154158505
800,321600,4019451848
800,321700,3622808810
800,321800,3290411645
800,321900,4208870456
800,322000,3942757119
800,322100,3180041600
800,322200,4500560259
800,322300,3924372035
800,322400,3184568174
800,322500,3485846888
800,322600,3742621654
800,322700,3674947471
800,322800,3260856891
800,322900,3484634695
800,323000,4096877266
800,323100,3600459686
800,323200,3118706995
800,323300,3353488291
800,323400,3207456207
800,323500,3734873203
800,323600,3124533095
800,323700,3224171187
800,323800,4282080848
800,323900,3361813268
800,324000,4584384896
800,324100,3671365110
800,324200,3758959828
800,324300,3833854485
800,324400,3953323904
800,324500,3869747292
800,324600,4162256704
800,324700,3779777138
800,324800,3208938193
800,324900,3101672961
800,325000,3441392049
800,325100,3643275852
800,325200,3293260100
800,325300,3840365012
800,325400,3194747870
800,325500,2927515692
800,325600,3528996035
800,325700,3765788869
800,325800,3103867656
800,325900,4184231300
800,326000,3661543465
800,326100,3353792890
800,326200,4287478509
800,326300,4163414384
800,326400,4512223650
800,326500,3923213216
800,326600,3498356810
800,326700,3669412102
800,326800,3394705456
800,326900,3420669085
800,327000,3366703859
800,327100,3314924575
800,327200,3231237671
800,327300,3275981734
800,327400,4736062021
800,327500,4226395146
800,327600,4254629140
800,327700,3362084138
800,327800,3476167329
800,327900,3059187105
800,328000,3109690795
800,328100,3804244344
800,328200,4506341789
800,328300,2785702479
800,328400,3888088227
800,328500,3221143351
800,328600,3099113268
800,328700,4524043103
800,328800,3273375146
800,328900,2981852951
800,329000,3248715914
800,329100,3777098402
800,329200,3448476671
800,329300,4276372143
800,329400,3720366082
800,329500,3510790210
800,329600,3850270026
800,329700,3007345112
800,329800,2959316087
800,329900,3169007655
800,330000,3327891849
800,330100,4000853205
800,330200,3429607147
800,330300,4221172222
800,330400,4633241711
800,330500,3883612100
800,330600,4413952953
800,330700,4214398465
800,330800,3166458301
800,330900,3639265863
800,331000,3728404634
800,331100,3453580694
800,331200,4402095571
800,331300,4222194364
800,331400,3501664935
800,331500,3621255853
800,331600,4290466387
800,331700,3672873936
800,331800,3591914089
800,331900,4186272254
800,332000,3572965383
800,332100,3925837024
800,332200,2866993596
800,332300,3580434925
800,332400,3786325952
800,332500,3738363867
800,332600,3435325431
800,332700,3818068169
800,332800,4808048745
800,332900,3387341889
800,333000,3604144565
800,333100,3374384712
800,333200,3287455087
800,333300,4126204463
800,333400,3668358577
800,333500,4174996094
800,333600,3353432040
800,333700,4661490527
800,333800,3359370485
800,333900,4206076251
800,334000,3661910476
800,334100,3084832486
800,334200,3261916386
800,334300,3454077087
800,334400,3749239612
800,334500,3318164452
800,334600,4130401676
800,334700,4725736499
800,334800,3164987465
800,334900,4045709878
800,335000,3159796094
800,335100,4016577769
800,335200,3076670554
800,335300,4255421710
800,335400,3703393913
800,335500,3345748448
800,335600,3217988914
800,335700,3969220765
800,335800,3443813033
800,335900,3948490888
800,336000,3533429008
800,336100,3002020642
800,336200,3409984565
800,336300,3483712107
800,336400,3552825708
800,336500,4022780230
800,336600,3143175712
800,336700,3485345364
800,336800,3592025101
800,336900,3343132990
800,337000,3440285428
800,337100,3323984519
800,337200,3193069194
800,337300,4165420832
800,337400,4431562991
800,337500,3655996500
800,337600,4139187767
800,337700,3770359794
800,337800,3584786388
800,337900,3080829911
800,338000,4130802467
800,338100,4267206704
800,338200,3855492264
800,338300,3827941674
800,338400,4583857679
800,338500,3862644452
800,338600,4523012012
800,338700,3143716186
800,338800,4146897916
800,338900,3751525200
800,339000,3981692010
800,339100,3351836529
800,339200,4593774456
800,339300,3841636264
800,339400,3406509197
800,339500,3328386819
800,339600,4085682989
800,339700,3295144476
800,339800,3094311612
800,339900,3421917624
800,340000,3815463225
800,340100,3348653566
800,340200,4719500557
800,340300,3433693794
800,340400,3430722229
800,340500,3111907115
800,340600,3533277468
800,340700,3039933507
800,340800,3314297355
800,340900,4545645664
800,341000,3627600916
800,341100,3574454203
800,341200,3563411793
800,341300,3657216457
800,341400,3612667452
800,341500,3392755187
800,341600,3388052292
800,341700,3510649853
800,341800,3564546134
800,341900,3090818783
800,342000,3250904877
800,342100,4482217278
800,342200,4475724883
800,342300,3607159700
800,342400,4753112344
800,342500,3881702174
800,342600,3349719430
800,342700,4258858344
800,342800,3832982679
800,342900,4359980123
800,343000,3758732121
800,343100,2844360632
800,343200,3833262161
800,343300,3472043776
800,343400,3069773341
800,343500,3490367272
800,343600,4151881517
800,343700,4604422550
800,343800,3831089166
800,343900,4605130065
800,344000,4178206596
800,344100,3468265544
800,344200,4781238186
800,344300,3468562345
800,344400,3330066771
800,344500,3424326579
800,344600,4576350033
800,344700,4765341514
800,344800,3737611621
800,344900,3464639597
800,345000,3590391155
800,345100,4269375763
800,345200,4586375048
800,345300,4606980506
800,345400,3678059868
800,345500,3774796332
800,345600,4487687812
800,345700,3458560436
800,345800,4031138341
800,345900,4637238608
800,346000,3252984240
800,346100,3250438291
800,346200,3680736160
800,346300,4141705426
800,346400,4261750294
800,346500,3016457078
800,346600,4518646676
800,346700,3726309625
800,346800,3775933313
800,346900,4105992204
800,347000,3519235913
800,347100,4665470942
800,347200,4305762448
800,347300,3279773761
800,347400,3799464513
800,347500,3355373245
800,347600,3413792105
800,347700,3471409624
800,347800,4525950145
800,347900,3281527420
800,348000,4090343412
800,348100,3608860018
800,348200,4235121519
800,348300,3854133013
800,348400,3482947328
800,348500,4346414151
800,348600,4682735047
800,348700,3670856824
800,348800,3208355669
800,348900,4165402586
800,349000,4416724013
800,349100,3268209265
800,349200,3292024369
800,349300,3188995291
800,349400,3825037314
800,349500,2931482512
800,349600,3571557135
800,349700,4344216119
800,349800,3780164476
800,349900,4217045401
800,350000,3567152173
800,350100,4696855447
800,350200,3522426247
800,350300,3465383615
800,350400,4325711671
800,350500,3578853559
800,350600,3816844475
800,350700,4534664956
800,350800,3177371685
800,350900,3815981734
800,351000,3752577706
800,351100,3427328823
800,351200,4041703824
800,351300,3196148866
800,351400,3765743841
800,351500,3910297681
800,351600,3566656209
800,351700,3637542362
800,351800,3303668856
800,351900,4620940150
800,352000,3953525590
800,352100,4673765214
800,352200,3698986534
800,352300,3813865767
800,352400,3987107978
800,352500,3494604630
800,352600,3957124715
800,352700,3953941680
800,352800,4010498726
800,352900,3896500349
800,353000,3951728426
800,353100,3499466747
800,353200,4525559937
800,353300,4678867046
800,353400,4519964718
800,353500,3862829104
800,353600,3269806858
800,353700,3428105993
800,353800,3803924220
800,353900,3677221885
800,354000,3403407763
800,354100,3245917613
800,354200,3334398384
800,354300,4340471243
800,354400,4593807722
800,354500,3554024987
800,354600,3206462226
800,354700,3429417053
800,354800,4122254120
800,354900,3710159837
800,355000,3454559058
800,355100,4038164936
800,355200,3620644664
800,355300,3728511596
800,355400,3629816208
800,355500,3958118854
800,355600,4925529476
800,355700,3838660778
800,355800,4000071700
800,355900,3394483331
800,356000,3435143343
800,356100,3683428716
800,356200,3618546487
800,356300,3572413206
800,356400,4964396401
800,356500,4241166541
800,356600,3565593583
800,356700,3598887612
800,356800,3283237992
800,356900,3204986625
800,357000,3584589038
800,357100,4543753767
800,357200,3521257528
800,357300,4043511776
800,357400,4083122168
800,357500,3947450065
800,357600,4229310712
800,357700,3626086750
800,357800,3891864578
800,357900,3825295216
800,358000,4427341710
800,358100,4812357360
800,358200,3730049318
800,358300,3985957053
800,358400,3864877354
800,358500,3536771620
800,358600,3536803697
800,358700,3618676032
800,358800,4869851390
800,358900,3611098741
800,359000,4886299937
800,359100,4196861702
800,359200,3322469087
800,359300,3833587960
800,359400,4249398999
800,359500,4238258233
800,359600,3480344834
800,359700,3049448434
800,359800,3713373689
800,359900,3527240686
800,360000,3761482317
800,360100,3884992442
800,360200,3892072516
800,360300,4023496228
800,360400,3078080596
800,360500,4203120287
800,360600,3652455698
800,360700,3844460960
800,360800,3777192487
800,360900,3255479123
800,361000,4341596020
800,361100,3816205932
800,361200,4740943202
800,361300,3930104671
800,361400,3242755961
800,361500,3365929303
800,361600,3843485900
800,361700,3840165297
800,361800,3645712980
800,361900,3650920800
800,362000,3482867590
800,362100,4902006224
800,362200,3427970860
800,362300,3659587241
800,362400,3586493001
800,362500,3519786516
800,362600,4628660474
800,362700,3886548320
800,362800,3164552007
800,362900,3772618245
800,363000,3129009988
800,363100,3977528512
800,363200,3755237013
800,363300,3560568454
800,363400,3991142659
800,363500,3171221831
800,363600,3600526380
800,363700,4240339412
800,363800,4322522743
800,363900,4521208368
800,364000,3851691856
800,364100,4028555476
800,364200,3884396415
800,364300,3455665956
800,364400,4374893684
800,364500,3508643746
800,364600,4111006416
800,364700,3849978498
800,364800,3425401495
800,364900,3651907818
800,365000,4443658237
800,365100,3118739240
800,365200,3793430665
800,365300,3904815703
800,365400,3562757945
800,365500,3713711558
800,365600,4259134223
800,365700,3151483843
800,365800,3690537440
800,365900,3891853005
800,366000,3896468727
800,366100,3543246612
800,366200,3523036466
800,366300,3939484164
800,366400,3321051373
800,366500,3437657948
800,366600,3738138187
800,366700,4343148206
800,366800,4570361591
800,366900,3375383304
800,367000,3584445813
800,367100,3076639424
800,367200,4037087576
800,367300,4291142047
800,367400,4094810376
800,367500,4642812047
800,367600,3712742176
800,367700,3403268527
800,367800,3475906901
800,367900,3856590501
800,368000,3750320567
800,368100,3465024460
800,368200,3658092457
800,368300,3242049927
800,368400,4234990016
800,368500,4007712444
800,368600,3940054192
800,368700,3479242923
800,368800,3524263582
800,368900,4953900231
800,369000,3712885458
800,369100,3386887948
800,369200,4956220655
800,369300,3876651636
800,369400,4240698752
800,369500,3793555609
800,369600,4319095940
800,369700,3652160374
800,369800,3659641369
800,369900,4061527010
800,370000,3764496125
800,370100,3727417225
800,370200,4004356801
800,370300,4424373189
800,370400,3136861987
800,370500,3646571632
800,370600,3883184533
800,370700,3741575469
800,370800,3475240883
800,370900,3297968380
800,371000,3797490240
800,371100,5030454541
